"인덱스","제목","저자","출판사","독서상태","생성일","시작일","읽은 날짜","중단일","메모1","메모2"
"1","빅터 프랭클의 죽음의 수용소에서","빅터 프랭클, 이시형","청아출판사","읽은 책","2026-04-21","2026-04-21","2026-04-21","","",""
"2","노인과 바다","어니스트 헤밍웨이, 김욱동","민음사","읽은 책","2026-04-21","2026-04-21","2026-04-21","","노늘의메모","또일근품질보증표시
제품명 : 멀티 인덱스테이프 (Mu들ti Index Tape)
사용연령 : 14세 이상
수입자/판매자명 : (주)모닝글로리
주소 : 경기도 화성사시 향남읍 장안로 781-55
전화번호 : (02)719-0400
교환장소: 구매판매정 및 본사
제조국명 : Made in China
www.mgstore.co.kr
유통 중에 손상되었거니 이상이 있는 것으로 확인된 제품은
신제품으로 교환하여 드립니다.
NO,3170E"
"3","프랑켄슈타인","메리 셸리, 오숙은","열린책들","읽고 있는 책","2026-09-10","2026-09-10","","","",""
"4","지리의 힘 - 지리는 어떻게 개인의 운명을, 세계사를, 세계 경제를 좌우하는가","팀 마샬, 김미선","사이","읽고 싶은 책","2026-09-10","","","","",""
